SOC,date,Voltage,testResult,ticketNumber,SOH,Resistance,passed,serialNumber
38,2024-05-25,3.116,2729,1892754,100,0.08,False,RLFB330M7HQNBETD
24,2024-10-30,3.028,2478,2950782,100,0.03,True,RLFBO588YV61JOLW
15,2024-09-17,3.506,9999,1691741,100,0.06,True,RLFBU8DGDF2XJAGF
71,2024-05-25,3.857,3431,6616103,100,0.06,False,RLFBR0CIC4JD8YTZ
30,2024-05-25,3.957,2425,1812248,100,0.02,False,RLFBGBA9M3MHG731
8,2024-10-30,3.677,9999,8644000,99,0.04,True,RLFBV91L6Z2G82JE
35,2024-05-25,3.069,2303,2091116,100,0.03,False,RLFBV92DXY522W89
50,2024-05-25,3.096,3439,3822584,100,0.01,True,RLFBGCL4SVOK7KNW
68,2024-05-25,3.952,3368,3859580,100,0.09,False,RLFBIH4Q2R2RZV9Q
55,2024-10-30,3.042,3973,9132659,100,0.08,True,RLFBM40JNDNBYHJK
39,2024-09-17,3.989,9999,7320805,100,0.03,True,RLFBq9VWP67KEY32
14,2024-05-25,3.53,2571,6861183,100,0.06,True,RLFB4PVDEN273CTP
3,2024-05-25,3.784,3299,4017717,100,0.03,True,RLFBUE33WXQCVG4Z
54,2024-05-25,3.193,2985,1392455,100,0.09,False,RLFB02WL2PG9SJ3U
20,2024-05-25,3.685,3595,6762679,100,0.08,True,RLFBSS7K1IC50664
11,2024-05-25,3.187,2681,1231678,100,0.06,True,RLFBB6R30I0FBS6N
58,2024-05-25,3.247,2529,9258061,100,0.02,False,RLFBLNBRG66AU53L
93,2024-10-30,3.729,3964,6408073,100,0.08,False,RLFBQGYNBLJ72M7B
41,2024-05-25,3.849,3118,4289218,100,0.06,False,RLFB616EHZYQYF6M
28,2024-05-25,3.175,2624,3479411,100,0.04,False,RLFB2J83V3PJTR2Y
70,2024-05-25,3.188,2104,8877809,100,0.09,True,RLFBAAGRN0EPJR1T
25,2024-09-17,3.733,3485,3901359,95,0.06,True,RLFBXQ4KIPAATFX0
87,2024-10-30,3.377,3097,5752782,100,0.08,True,RLFBDSD4VPIWTZDQ
77,2024-05-25,3.071,2462,2772779,100,0.06,False,RLFBVJVPQSIA0Z74
90,2024-05-25,3.885,3075,5544563,100,0.02,False,RLFB8E3LZA8AKYDQ
14,2024-05-25,3.456,2306,6018839,100,0.03,True,RLFBBKIVQ62SUEAN
97,2024-05-25,3.786,2468,1049059,100,0.02,False,RLFB6QRZ1NJR67L5
76,2024-05-25,3.838,2672,4466036,100,0.07,False,RLFBJAFICMO8S31T
32,2024-05-25,3.303,2669,9314234,100,0.06,False,RLFBO1F083LDSOGS
83,2024-09-17,3.267,2416,1601972,91,0.01,False,RLFBBLOQVEMSJRWD
86,2024-10-30,3.103,2752,6630952,100,0.01,True,RLFBRDP2GQHS0JKO
47,2024-05-25,3.293,2155,8497254,100,0.08,False,RLFB7TYKSPMMQBIW
23,2024-05-25,3.148,3199,8256620,100,0.04,False,RLFBPOOEGQELNI9N
21,2024-05-25,3.982,3812,7457592,100,0.04,True,RLFB4KW79B5GJW7M
34,2024-05-25,3.314,2837,6923304,100,0.07,False,RLFBLNYLDDEFK492
87,2024-10-30,3.614,2678,4157728,100,0.03,True,RLFBL4X5HQNQQXTI
47,2024-10-30,3.325,2459,7436537,100,0.03,False,RLFBKANFG1S85XG4
72,2024-10-29,3.673,3246,1054430,45,0.02,False,RLFBDPL0ZTCTWZUI
90,2024-05-25,3.43,3864,1864192,100,0.05,False,RLFBU549BL0HKCPM
94,2024-10-30,3.916,3916,8409180,100,0.01,False,RLFBJGSN413RTZQQ
39,2024-05-25,3.184,3476,5150661,100,0.07,True,RLFBZO52FANOMWYX
72,2024-10-30,3.625,3687,6519666,100,0.08,False,RLFBZI7RWO6LB955
81,2024-10-30,3.225,9999,3381679,100,0.05,True,RLFBFUXXJBXM2JWH
66,2024-10-30,3.215,3259,9258212,100,0.09,False,RLFB4R4OTMWQDQD5
0,2024-05-25,3.437,3717,4448349,100,0.08,True,RLFBPOREOG15P7VL
71,2024-10-30,3.664,3191,4521004,100,0.09,False,RLFB9EGLLRSRES96
78,2024-10-30,3.334,3834,7639117,46,0.03,False,RLFBSONIG7RL8BUW
70,2024-10-30,3.638,2255,9764052,100,0.08,True,RLFBVYWNWW4681QJ
90,2024-05-25,3.615,2686,9569888,100,0.04,False,RLFBZ7X89N2UVD37
44,2024-10-30,3.57,3737,5348378,100,0.09,True,RLFBH0HVI4WNHLFI
82,2024-10-30,3.1,2625,1841282,100,0.07,True,RLFBTK7YGGOMR0AD
51,2024-10-29,3.658,2363,7538757,100,0.02,True,RLFBICUBHI0J9FS1
32,2024-10-29,3.074,3786,7055057,100,0.03,False,RLFBPFNVN1HUJVTH
92,2024-10-29,3.068,9999,6935501,100,0.03,True,RLFBRD5CJXRD48L1
73,2024-10-29,3.804,3027,5392688,100,0.05,False,RLFB5YEKZVPJYURU
51,2024-05-25,3.83,2642,1577616,100,0.07,True,RLFBIV5WG0Q2FMVM
79,2024-10-29,4.0,2400,2134466,100,0.04,True,RLFBMU65V2AJ3EQW
21,2024-09-17,3.436,2493,8516333,100,0.07,True,RLFB7ZWLKV0ZVA4E
95,2024-10-29,3.701,3042,1624512,100,0.08,True,RLFB6XAQYN6OWH3I
44,2024-09-16,3.502,3908,8703634,100,0.07,False,RLFB3KCZ5RTBZDLF
58,2024-05-25,3.521,3278,2925271,100,0.08,True,RLFBB6IVGY0CE5CP
53,2024-05-25,3.978,3714,6020068,100,0.05,False,RLFB5B3J6PND9H5W
88,2024-09-16,3.26,3728,1167636,100,0.1,True,RLFBJSACLAFRC7DC
37,2024-05-25,3.051,3471,1793262,100,0.02,True,RLFB2NH92O5106MV
72,2024-10-29,3.33,2581,9234944,100,0.02,True,RLFBV9OW3I7WTZUG
72,2024-09-16,3.653,3888,6278788,100,0.06,True,RLFBJCVNEUQKVGQT
75,2024-10-29,3.239,2747,3281569,100,0.1,False,RLFBM9ENBQH6R6G3
68,2024-10-29,3.526,3800,8358236,100,0.06,True,RLFBNXEOW2UD22W2
83,2024-05-25,3.3,2685,9678859,100,0.04,False,RLFBB3WBG5L3UE8A
71,2024-09-16,3.287,3717,5636426,100,0.02,True,RLFBSC0RO6M7DWRI
61,2024-10-29,3.025,2589,6728812,100,0.09,True,RLFBCJ2MK8SYTD8H
28,2024-05-25,3.54,3464,4882701,100,0.02,False,RLFBLGJHLGS575ZK
52,2024-10-29,3.924,2537,9080009,100,0.09,False,RLFBHW9EK63GC28T
20,2024-09-16,3.814,2849,2376294,100,0.05,False,RLFBF0ZKCCDLVNS2
11,2024-09-16,3.58,2807,2963348,100,0.01,False,RLFBKM4DMI2MHOHZ
1,2024-05-25,3.206,3571,5243122,100,0.05,True,RLFBTGXXI8DWLE8U
28,2024-05-25,3.614,2927,3184233,100,0.09,False,RLFBWL5ZDCMSIZOO
49,2024-05-25,3.286,2881,3618731,100,0.01,True,RLFB7P23GFK7FWQX
17,2024-05-25,3.385,3971,8928980,100,0.08,True,RLFBGYF6GJ2R79NR
58,2024-05-25,3.456,3353,4373956,100,0.05,True,RLFB0JRD6KQ1FHWX
10,2024-05-25,3.847,2070,1000811,100,0.1,False,RLFBK70F9DXZ12PK
100,2024-05-25,3.693,3990,7370655,100,0.01,True,RLFB9WL6UAX6H71J
4,2024-05-25,3.27,2160,6310235,100,0.05,False,RLFB2VLJ8D5ITZ1W
55,2024-05-25,3.676,3786,9803238,100,0.04,True,RLFBKGTHF0XE0Y5T
64,2024-05-25,3.302,2929,1406740,100,0.04,True,RLFBA6W5KBKLPRMJ
70,2024-09-16,3.399,2407,8968255,100,0.06,False,RLFBZHA27UFYP5SW
32,2024-09-16,3.976,9999,2804995,100,0.07,True,RLFB92ONSP7YP0M4
58,2024-09-16,3.772,9999,1350779,100,0.09,True,RLFBBN7L40AHFB2Q
32,2024-05-25,3.198,2715,4008167,100,0.09,False,RLFBM0K075QGFNTA
53,2024-09-16,3.564,9999,9750030,100,0.02,True,RLFBQ1AIBM30C0XJ
70,2024-09-16,3.075,3029,7937439,100,0.09,False,RLFBJ6XSRYT7ZGNG
18,2024-05-25,3.513,3791,3608144,100,0.07,False,RLFBQQEQ7EXUCLLB
18,2024-09-16,3.666,9999,3545376,100,0.08,True,RLFBB43BKJ6ZHM45
5,2024-09-16,3.507,9999,8421014,100,0.02,True,RLFBF4NJQ03GTH34
33,2024-09-17,3.699,3250,9135520,100,0.09,True,RLFB6VXTUYIWVRGJ
16,2024-09-17,3.139,2984,9729874,100,0.03,False,RLFB0L8WNDBG1EBP
3,2024-05-25,3.323,3368,9264230,100,0.07,False,RLFBWT3FBSA1A8FP
72,2024-05-25,3.833,3470,2092358,100,0.06,True,RLFBGM6N2AK2B2WD
41,2024-05-25,3.66,3703,6700855,100,0.05,True,RLFBBCK3L8RAFT88
9,2024-05-25,3.205,2735,5620698,100,0.08,False,RLFB4MRU9Y539TPI
